{"RuleTriggered": 0, "Violations": 0, "Details": {"pin_memory": false, "num_workers": 0, "cores": 4, "dataloaders": 1, "dataloading_time": {"p25": 0.79176525, "p50": 0.799141, "p95": 0.8276019499999999, "probs": [1, 1, 0, 0, 1, 0, 0, 0, 0, 0, 1, 0, 0, 0, 1, 0, 0, 0, 0, 0, 0, 0, 0, 0, 0, 0, 1, 1, 0, 0, 0, 0, 0, 1, 0, 0, 0, 0, 0, 0, 0, 0, 0, 0, 0, 1, 0, 0, 0, 0, 0, 0, 0, 0, 0, 0, 0, 0, 0, 0, 0, 0, 0, 0, 0, 0, 0, 0, 0, 0, 0, 0, 0, 0, 0, 0, 0, 0, 0, 0, 0, 0, 0, 0, 0, 0, 0, 0, 0, 0, 0, 0, 0, 0, 0, 0, 0, 0, 0, 1], "binedges": [0.788561, 0.78907898, 0.7895969599999999, 0.7901149399999999, 0.79063292, 0.7911509, 0.7916688799999999, 0.7921868599999999, 0.79270484, 0.79322282, 0.7937407999999999, 0.7942587799999999, 0.79477676, 0.79529474, 0.7958127199999999, 0.7963307, 0.79684868, 0.79736666, 0.7978846399999999, 0.79840262, 0.7989206, 0.79943858, 0.7999565599999999, 0.80047454, 0.80099252, 0.8015105, 0.8020284799999999, 0.80254646, 0.80306444, 0.8035824199999999, 0.8041003999999999, 0.80461838, 0.80513636, 0.8056543399999999, 0.8061723199999999, 0.8066903, 0.80720828, 0.8077262599999999, 0.80824424, 0.80876222, 0.8092802, 0.8097981799999999, 0.81031616, 0.81083414, 0.81135212, 0.8118700999999999, 0.81238808, 0.81290606, 0.81342404, 0.8139420199999999, 0.81446, 0.81497798, 0.81549596, 0.8160139399999999, 0.81653192, 0.8170499, 0.8175678799999999, 0.8180858599999999, 0.81860384, 0.81912182, 0.8196397999999999, 0.82015778, 0.82067576, 0.82119374, 0.8217117199999999, 0.8222297, 0.82274768, 0.82326566, 0.8237836399999999, 0.82430162, 0.8248196, 0.82533758, 0.8258555599999999, 0.82637354, 0.82689152, 0.8274094999999999, 0.8279274799999999, 0.82844546, 0.82896344, 0.82948142, 0.8299993999999999, 0.83051738, 0.83103536, 0.8315533399999999, 0.83207132, 0.8325893, 0.83310728, 0.8336252599999999, 0.83414324, 0.83466122, 0.8351792, 0.8356971799999999, 0.83621516, 0.83673314, 0.83725112, 0.8377690999999999, 0.83828708, 0.83880506, 0.83932304, 0.8398410199999999, 0.840359]}}, "Datapoints": 10, "RuleParameters": "min_threshold:70\nmax_threshold:200"}