{"RuleTriggered": 0, "Violations": 0, "Details": {"step_num": {"first": 1748497683860749, "last": 1748507750736459}, "job_start": 1748497584.000958, "job_end": 1748507759.502017}, "Datapoints": 788, "RuleParameters": "threshold:20"}