{"RuleTriggered": 0, "Violations": 0, "Details": {"ratio": {"cpu_functions": 100.0}, "phase": {"Step:ModeKeys.TRAIN": 107.95134545174483, "others": -9.960706597638229, "Step:ModeKeys.EVAL": 2.009361145893403}, "phase_time": {}, "CPU": {"aten::conv2d": 18.633922093744246, "aten::convolution": 18.633185157420847, "aten::_convolution": 18.632607171889102, "aten::mkldnn_convolution": 18.631187491348943, "aten::batch_norm": 8.490673102429657, "aten::_batch_norm_impl_index": 8.489780650025578, "aten::native_batch_norm": 8.488644333141616}, "CPU_total": {"aten::conv2d": 97653223, "aten::convolution": 97649361, "aten::_convolution": 97646332, "aten::mkldnn_convolution": 97638892, "aten::batch_norm": 44496354, "aten::_batch_norm_impl_index": 44491677, "aten::native_batch_norm": 44485722}, "general": {"DataLoaderIterInitialize": 7.963753966955994e-06, "DataLoaderIter": 0.06566028387490007, "Forward": 99.93433175237114}}, "Datapoints": 0, "RuleParameters": ""}