{"RuleTriggered": 135, "Violations": 1912, "Details": {"step_details": {"algo-1-27": {"step_stats": {"mean": 15.52684561787565, "max": 35.756666, "p99": 35.41252504, "p95": 15.502909849999998, "p50": 15.162962, "min": 3.696268}, "number_of_outliers": 16, "phase": "Step:ModeKeys.TRAIN", "stddev": 2.92, "probs": [1, 4, 0, 0, 0, 0, 0, 0, 0, 0, 0, 0, 0, 0, 0, 0, 0, 0, 0, 0, 0, 0, 0, 0, 0, 0, 0, 0, 0, 0, 0, 0, 0, 0, 0, 0, 0, 0, 0, 0, 0, 0, 0, 0, 0, 0, 0, 0, 0, 0, 0, 0, 0, 0, 0, 0, 0, 0, 0, 0, 0, 0, 0, 0, 0, 0, 0, 0, 0, 0, 3, 320, 390, 14, 5, 2, 1, 1, 0, 2, 2, 0, 0, 0, 2, 2, 2, 3, 1, 0, 0, 0, 0, 0, 0, 0, 0, 0, 0, 1], "binedges": [3.696268, 3.85528233, 4.01429666, 4.17331099, 4.33232532, 4.49133965, 4.65035398, 4.80936831, 4.96838264, 5.1273969699999995, 5.2864113, 5.44542563, 5.6044399600000006, 5.76345429, 5.92246862, 6.08148295, 6.24049728, 6.39951161, 6.55852594, 6.717540270000001, 6.8765546, 7.03556893, 7.19458326, 7.35359759, 7.51261192, 7.67162625, 7.83064058, 7.9896549100000005, 8.14866924, 8.30768357, 8.4666979, 8.625712230000001, 8.78472656, 8.94374089, 9.10275522, 9.26176955, 9.42078388, 9.57979821, 9.738812540000001, 9.89782687, 10.056841200000001, 10.21585553, 10.37486986, 10.53388419, 10.69289852, 10.851912850000001, 11.01092718, 11.169941510000001, 11.32895584, 11.48797017, 11.6469845, 11.80599883, 11.96501316, 12.12402749, 12.283041820000001, 12.44205615, 12.60107048, 12.76008481, 12.91909914, 13.07811347, 13.2371278, 13.396142130000001, 13.555156460000001, 13.71417079, 13.87318512, 14.03219945, 14.19121378, 14.35022811, 14.509242440000001, 14.668256770000001, 14.8272711, 14.98628543, 15.14529976, 15.30431409, 15.46332842, 15.622342750000001, 15.781357080000001, 15.940371410000001, 16.099385740000002, 16.25840007, 16.4174144, 16.57642873, 16.73544306, 16.89445739, 17.05347172, 17.212486050000003, 17.37150038, 17.53051471, 17.68952904, 17.84854337, 18.0075577, 18.16657203, 18.325586360000003, 18.48460069, 18.64361502, 18.80262935, 18.96164368, 19.12065801, 19.27967234, 19.438686670000003, 19.597701], "step_numbers": ["1", "2", "2", "3", "3", "4", "5", "5", "6", "7", "7", "8", "8", "9", "10", "10"]}}, "ratio": {}, "phase": {"Step:ModeKeys.EVAL": 100.0}, "phase_time": {}, "general": {"Forward": 100.0}}, "Datapoints": 788, "RuleParameters": "threshold:3\nmode:None\nn_outliers:10\nstddev:3"}